백두산,https://movie.naver.com/movie/bi/mi/basic.nhn?code=187940,5.91
천문,https://movie.naver.com/movie/bi/mi/basic.nhn?code=181381,9.07
캣츠,https://movie.naver.com/movie/bi/mi/basic.nhn?code=185933,4.80
시동,https://movie.naver.com/movie/bi/mi/basic.nhn?code=183876,7.95
겨울왕국2,https://movie.naver.com/movie/bi/mi/basic.nhn?code=136873,8.71
신비아파트,https://movie.naver.com/movie/bi/mi/basic.nhn?code=189046,8.52
프린스코기,https://movie.naver.com/movie/bi/mi/basic.nhn?code=183122,7.93
눈의여왕4,https://movie.naver.com/movie/bi/mi/basic.nhn?code=190395,9.41
포드v페라리,https://movie.naver.com/movie/bi/mi/basic.nhn?code=181710,9.57
나이브스아웃,https://movie.naver.com/movie/bi/mi/basic.nhn?code=189000,9.14
